date,S,M,L
2026-01-01,19.0,20.0,15.0
2026-01-02,44.0,57.0,37.0
2026-01-03,37.0,30.0,25.0
2026-01-04,11.0,19.0,12.0
2026-01-05,34.0,39.0,23.0
2026-01-06,26.0,22.0,17.0
2026-01-07,22.0,38.0,16.0
2026-01-08,26.0,37.0,14.0
2026-01-09,33.0,48.0,26.0
2026-01-10,20.0,25.0,12.0
2026-01-11,21.0,21.0,10.0
2026-01-12,12.0,34.0,17.0
2026-01-13,29.0,29.0,11.0
2026-01-14,30.0,42.0,31.0
2026-01-15,43.0,43.0,37.0
2026-01-16,25.0,53.0,31.0
2026-01-17,20.0,26.0,14.0
2026-01-18,16.0,13.0,13.0
2026-01-19,19.0,31.0,7.0
2026-01-20,34.0,30.0,20.0
2026-01-21,31.0,34.0,16.0
2026-01-22,37.0,27.0,20.0
2026-01-23,39.0,36.0,16.0
2026-01-24,27.0,25.0,19.0
2026-01-25,10.0,20.0,6.0
2026-01-26,29.0,36.0,17.0
2026-01-27,21.0,23.0,18.0
2026-01-28,39.0,52.0,17.0
2026-01-29,55.0,88.0,53.0
2026-01-30,32.0,38.0,24.0
2026-01-31,36.0,43.0,25.0
2026-02-01,20.0,20.0,12.0
2026-02-02,41.0,45.0,26.0
2026-02-03,55.0,53.0,46.0
2026-02-04,51.0,44.0,44.0
2026-02-05,64.0,76.0,57.0
2026-02-06,77.0,109.0,36.0
2026-02-07,63.0,66.0,40.0
2026-02-08,30.0,24.0,22.0
2026-02-09,48.0,47.0,35.0
2026-02-10,15.0,20.0,7.0
2026-02-11,63.0,72.0,40.0
2026-02-12,43.0,54.0,34.0
2026-02-13,69.0,68.0,45.0
2026-02-14,42.0,55.0,17.0
2026-02-15,15.0,26.0,15.0
2026-02-16,32.0,39.0,18.0
2026-02-17,27.0,25.0,25.0
2026-02-18,46.0,57.0,48.0
2026-02-19,37.0,46.0,29.0
2026-02-20,56.0,70.0,44.0
2026-02-21,28.0,49.0,20.0
2026-02-22,25.0,28.0,14.0
2026-02-23,27.0,27.0,12.0
2026-02-24,23.0,18.0,11.0
2026-02-25,37.0,49.0,36.0
2026-02-26,84.0,114.0,68.0
2026-02-27,86.0,98.0,67.0
2026-02-28,42.0,57.0,31.0
2026-03-01,24.0,32.0,21.0
2026-03-02,52.0,45.0,32.0
2026-03-03,42.0,63.0,34.0
2026-03-04,87.0,92.0,58.0
2026-03-05,81.0,111.0,71.0
2026-03-06,62.0,85.0,50.0
2026-03-07,30.0,48.0,27.0
2026-03-08,28.0,39.0,19.0
2026-03-09,47.0,59.0,35.0
2026-03-10,50.0,79.0,27.0
2026-03-11,44.0,53.0,29.0
2026-03-12,23.0,51.0,30.0
2026-03-13,70.0,97.0,56.0
2026-03-14,70.0,84.0,56.0
2026-03-15,24.0,32.0,13.0
2026-03-16,67.0,64.0,37.0
2026-03-17,45.0,50.0,24.0
2026-03-18,35.0,58.0,29.0
2026-03-19,28.0,39.0,25.0
2026-03-20,78.0,87.0,44.0
2026-03-21,76.0,72.0,33.0
2026-03-22,18.0,25.0,16.0
2026-03-23,65.0,67.0,45.0
2026-03-24,43.0,52.0,40.0
2026-03-25,50.0,58.0,37.0
2026-03-26,48.0,59.0,25.0
2026-03-27,89.0,91.0,59.0
2026-03-28,25.0,37.0,16.0
2026-03-29,20.0,20.0,12.0
2026-03-30,35.0,23.0,15.0
2026-03-31,24.0,30.0,26.0
2026-04-01,34.0,47.0,23.0
2026-04-02,33.0,53.0,27.0
2026-04-03,61.0,76.0,32.0
2026-04-04,50.0,41.0,40.0
2026-04-05,23.0,29.0,16.0
2026-04-06,50.0,59.0,32.0
2026-04-07,27.0,53.0,23.0
2026-04-08,57.0,51.0,22.0
2026-04-09,50.0,47.0,20.0
2026-04-10,59.0,67.0,43.0
2026-04-11,19.0,31.0,24.0
2026-04-12,25.0,25.0,8.0
2026-04-13,32.0,39.0,35.0
2026-04-14,47.0,46.0,36.0
2026-04-15,36.0,56.0,31.0
2026-04-16,58.0,62.0,32.0
2026-04-17,84.0,98.0,57.0
2026-04-18,54.0,53.0,28.0
2026-04-19,19.0,25.0,11.0
2026-04-20,35.0,28.0,23.0
2026-04-21,54.0,38.0,37.0
2026-04-22,34.0,39.0,21.0
2026-04-23,78.0,103.0,56.0
2026-04-24,103.0,137.0,82.0
2026-04-25,82.0,106.0,57.0
2026-04-26,60.0,76.0,46.0
2026-04-27,165.0,216.0,101.0
2026-04-28,110.0,126.0,83.0
2026-04-29,95.0,102.0,67.0
2026-04-30,200.0,222.0,118.0
2026-05-01,186.0,197.0,127.0
2026-05-02,117.0,141.0,83.0
2026-05-03,14.0,25.0,6.0
2026-05-04,126.0,163.0,90.0
2026-05-05,71.0,99.0,50.0
2026-05-06,103.0,100.0,64.0
2026-05-07,116.0,145.0,84.0
2026-05-08,158.0,172.0,88.0
2026-05-09,105.0,101.0,71.0
2026-05-10,51.0,62.0,27.0
2026-05-11,91.0,126.0,51.0
2026-05-12,88.0,133.0,83.0
2026-05-13,98.0,110.0,59.0
2026-05-14,107.0,123.0,69.0
2026-05-15,115.0,143.0,87.0
2026-05-16,108.0,120.0,60.0
2026-05-17,47.0,65.0,33.0
2026-05-18,84.0,90.0,53.0
2026-05-19,24.0,35.0,16.0
2026-05-20,79.0,90.0,61.0
2026-05-21,93.0,110.0,81.0
2026-05-22,58.0,65.0,42.0
2026-05-23,53.0,56.0,32.0
2026-05-24,22.0,26.0,14.0
2026-05-25,64.0,55.0,36.0
2026-05-26,43.0,53.0,18.0
2026-05-27,85.0,96.0,52.0
2026-05-28,92.0,107.0,71.0
2026-05-29,74.0,73.0,49.0
2026-05-30,43.0,44.0,38.0
2026-05-31,24.0,24.0,12.0
2026-06-01,35.0,31.0,23.0
2026-06-02,64.0,67.0,35.0
2026-06-03,67.0,87.0,41.0
2026-06-04,56.0,54.0,27.0
2026-06-05,82.0,101.0,45.0
2026-06-06,52.0,58.0,29.0
2026-06-07,43.0,41.0,28.0
2026-06-08,46.0,63.0,36.0
2026-06-09,38.0,60.0,40.0
2026-06-10,71.0,95.0,55.0
2026-06-11,58.0,76.0,46.0
2026-06-12,108.0,102.0,80.0
2026-06-13,60.0,55.0,39.0
2026-06-14,22.0,50.0,28.0
2026-06-15,62.0,68.0,34.0
2026-06-16,28.0,43.0,23.0
2026-06-17,59.0,70.0,28.0
2026-06-18,42.0,59.0,27.0
2026-06-19,35.0,47.0,23.0
2026-06-20,30.0,21.0,21.0
2026-06-21,14.0,9.0,7.0
2026-06-22,22.0,22.0,14.0
2026-06-23,23.0,12.0,14.0
2026-06-24,24.0,30.0,16.0
2026-06-25,32.0,33.0,24.0
2026-06-26,45.0,49.0,31.0
2026-06-27,19.0,23.0,16.0
2026-06-28,5.0,9.0,7.0
2026-06-29,27.0,33.0,14.0
2026-06-30,19.0,20.0,13.0
2026-07-01,23.0,17.0,18.0
2026-07-02,35.0,28.0,27.0
2026-07-03,26.0,26.0,22.0
2026-07-04,16.0,31.0,17.0
2026-07-05,14.0,14.0,14.0
2026-07-06,19.0,22.0,18.0
2026-07-07,20.0,31.0,15.0
2026-07-08,8.0,8.0,5.0
2026-07-09,38.0,44.0,26.0
2026-07-10,28.0,34.0,23.0
2026-07-11,12.0,23.0,15.0
2026-07-12,8.0,18.0,3.0
2026-07-13,20.0,24.0,17.0
2026-07-14,12.0,19.0,7.0
2026-07-15,29.0,20.0,20.0
2026-07-16,58.0,77.0,52.0
2026-07-17,62.0,52.0,50.0
2026-07-18,79.0,100.0,55.0
2026-07-19,19.0,26.0,17.0
2026-07-20,62.0,72.0,42.0
2026-07-21,69.0,74.0,61.0
2026-07-22,81.0,90.0,61.0
2026-07-23,63.0,69.0,45.0
2026-07-24,157.0,192.0,106.0
2026-07-25,92.0,79.0,64.0
2026-07-26,36.0,51.0,24.0
2026-07-27,42.0,54.0,28.0
2026-07-28,90.0,96.0,69.0
2026-07-29,67.0,78.0,35.0
2026-07-30,152.0,179.0,112.0
2026-07-31,141.0,178.0,102.0
2026-08-01,82.0,94.0,50.0
2026-08-02,33.0,51.0,23.0
2026-08-03,97.0,112.0,68.0
2026-08-04,82.0,98.0,51.0
2026-08-05,59.0,64.0,37.0
2026-08-06,57.0,65.0,29.0
2026-08-07,145.0,138.0,84.0
2026-08-08,74.0,97.0,53.0
2026-08-09,39.0,53.0,22.0
2026-08-10,79.0,89.0,53.0
2026-08-11,69.0,65.0,36.0
2026-08-12,39.0,55.0,19.0
2026-08-13,70.0,90.0,63.0
2026-08-14,120.0,160.0,62.0
2026-08-15,82.0,75.0,58.0
2026-08-16,41.0,42.0,29.0
2026-08-17,47.0,51.0,25.0
2026-08-18,57.0,59.0,35.0
2026-08-19,85.0,91.0,52.0
2026-08-20,89.0,86.0,71.0
2026-08-21,98.0,115.0,67.0
2026-08-22,71.0,77.0,39.0
2026-08-23,16.0,19.0,13.0
2026-08-24,43.0,45.0,33.0
2026-08-25,55.0,57.0,33.0
2026-08-26,89.0,117.0,73.0
2026-08-27,73.0,106.0,62.0
2026-08-28,47.0,56.0,25.0
2026-08-29,92.0,103.0,60.0
2026-08-30,40.0,45.0,21.0
2026-08-31,61.0,90.0,44.0
2026-09-01,62.0,72.0,37.0
2026-09-02,75.0,94.0,61.0
2026-09-03,66.0,110.0,56.0
2026-09-04,141.0,165.0,97.0
2026-09-05,101.0,101.0,60.0
2026-09-06,27.0,34.0,27.0
2026-09-07,57.0,58.0,35.0
2026-09-08,36.0,43.0,30.0
2026-09-09,56.0,65.0,40.0
2026-09-10,42.0,61.0,34.0
2026-09-11,47.0,50.0,42.0
2026-09-12,33.0,50.0,24.0
2026-09-13,33.0,28.0,12.0
2026-09-14,39.0,51.0,31.0
2026-09-15,31.0,43.0,22.0
2026-09-16,19.0,38.0,21.0
2026-09-17,69.0,72.0,33.0
2026-09-18,63.0,64.0,36.0
2026-09-19,44.0,53.0,22.0
2026-09-20,12.0,15.0,9.0
2026-09-21,23.0,31.0,13.0
2026-09-22,33.0,51.0,33.0
2026-09-23,28.0,28.0,23.0
2026-09-24,45.0,56.0,30.0
2026-09-25,60.0,67.0,35.0
2026-09-26,50.0,60.0,35.0
2026-09-27,18.0,15.0,12.0
2026-09-28,35.0,46.0,32.0
2026-09-29,36.0,47.0,23.0
2026-09-30,26.0,41.0,31.0
2026-10-01,45.0,48.0,35.0
2026-10-02,28.0,51.0,27.0
2026-10-03,29.0,29.0,22.0
2026-10-04,20.0,22.0,10.0
2026-10-05,49.0,68.0,36.0
2026-10-06,43.0,49.0,28.0
2026-10-07,66.0,51.0,40.0
2026-10-08,99.0,111.0,63.0
2026-10-09,109.0,118.0,75.0
2026-10-10,77.0,92.0,54.0
2026-10-11,43.0,45.0,28.0
2026-10-12,75.0,98.0,53.0
2026-10-13,44.0,67.0,40.0
2026-10-14,90.0,119.0,70.0
2026-10-15,83.0,113.0,56.0
2026-10-16,90.0,96.0,68.0
2026-10-17,87.0,91.0,55.0
2026-10-18,40.0,62.0,23.0
2026-10-19,83.0,86.0,49.0
2026-10-20,68.0,84.0,39.0
2026-10-21,91.0,121.0,79.0
2026-10-22,81.0,68.0,49.0
2026-10-23,151.0,165.0,84.0
2026-10-24,73.0,109.0,46.0
2026-10-25,38.0,60.0,26.0
2026-10-26,96.0,103.0,66.0
2026-10-27,57.0,57.0,40.0
2026-10-28,63.0,59.0,44.0
2026-10-29,55.0,61.0,32.0
2026-10-30,90.0,116.0,70.0
2026-10-31,77.0,62.0,45.0
2026-11-01,31.0,42.0,23.0
2026-11-02,58.0,80.0,38.0
2026-11-03,59.0,60.0,38.0
2026-11-04,69.0,108.0,46.0
2026-11-05,69.0,80.0,48.0
2026-11-06,157.0,174.0,96.0
2026-11-07,93.0,134.0,71.0
2026-11-08,48.0,73.0,43.0
2026-11-09,70.0,89.0,55.0
2026-11-10,57.0,69.0,42.0
2026-11-11,73.0,108.0,74.0
2026-11-12,109.0,112.0,57.0
2026-11-13,128.0,161.0,95.0
2026-11-14,142.0,141.0,88.0
2026-11-15,47.0,58.0,35.0
2026-11-16,49.0,63.0,35.0
2026-11-17,61.0,90.0,49.0
2026-11-18,61.0,66.0,40.0
2026-11-19,116.0,118.0,68.0
2026-11-20,195.0,213.0,129.0
2026-11-21,71.0,84.0,64.0
2026-11-22,35.0,54.0,21.0
2026-11-23,82.0,86.0,48.0
2026-11-24,59.0,60.0,30.0
2026-11-25,63.0,102.0,52.0
2026-11-26,85.0,97.0,72.0
2026-11-27,133.0,114.0,95.0
2026-11-28,93.0,110.0,61.0
2026-11-29,50.0,58.0,20.0
2026-11-30,45.0,61.0,51.0
2026-12-01,66.0,94.0,56.0
2026-12-02,95.0,119.0,66.0
2026-12-03,117.0,151.0,77.0
2026-12-04,217.0,279.0,159.0
2026-12-05,71.0,82.0,41.0
2026-12-06,56.0,85.0,52.0
2026-12-07,87.0,119.0,59.0
2026-12-08,84.0,120.0,63.0
2026-12-09,102.0,111.0,58.0
2026-12-10,147.0,179.0,106.0
2026-12-11,122.0,156.0,81.0
2026-12-12,123.0,112.0,85.0
2026-12-13,49.0,48.0,45.0
2026-12-14,72.0,110.0,54.0
2026-12-15,83.0,98.0,63.0
2026-12-16,111.0,145.0,95.0
2026-12-17,120.0,144.0,73.0
2026-12-18,217.0,246.0,133.0
2026-12-19,121.0,178.0,82.0
2026-12-20,46.0,52.0,27.0
2026-12-21,101.0,145.0,71.0
2026-12-22,97.0,126.0,77.0
2026-12-23,170.0,194.0,117.0
2026-12-24,203.0,261.0,140.0
2026-12-25,163.0,221.0,107.0
2026-12-26,130.0,149.0,94.0
2026-12-27,48.0,60.0,34.0
2026-12-28,89.0,99.0,54.0
2026-12-29,73.0,100.0,51.0
2026-12-30,88.0,95.0,71.0
2026-12-31,131.0,152.0,93.0
2027-01-01,55.0,69.0,38.0
2027-01-02,61.0,54.0,19.0
2027-01-03,12.0,14.0,5.0
2027-01-04,27.0,30.0,22.0
2027-01-05,33.0,38.0,21.0
2027-01-06,21.0,23.0,7.0
2027-01-07,32.0,47.0,28.0
2027-01-08,33.0,40.0,18.0
2027-01-09,40.0,49.0,34.0
2027-01-10,15.0,18.0,10.0
2027-01-11,35.0,54.0,25.0
2027-01-12,24.0,33.0,14.0
2027-01-13,33.0,38.0,27.0
2027-01-14,42.0,82.0,42.0
2027-01-15,57.0,56.0,36.0
2027-01-16,37.0,44.0,20.0
2027-01-17,16.0,17.0,8.0
2027-01-18,30.0,47.0,21.0
2027-01-19,22.0,23.0,19.0
2027-01-20,29.0,21.0,23.0
2027-01-21,37.0,37.0,24.0
2027-01-22,39.0,37.0,21.0
2027-01-23,27.0,21.0,21.0
2027-01-24,12.0,6.0,14.0
2027-01-25,29.0,33.0,15.0
2027-01-26,31.0,39.0,14.0
2027-01-27,41.0,44.0,23.0
2027-01-28,41.0,43.0,41.0
2027-01-29,57.0,67.0,36.0
2027-01-30,47.0,82.0,40.0
2027-01-31,19.0,20.0,12.0
2027-02-01,47.0,45.0,44.0
2027-02-02,46.0,44.0,32.0
2027-02-03,29.0,45.0,36.0
2027-02-04,54.0,87.0,39.0
2027-02-05,43.0,67.0,35.0
2027-02-06,33.0,54.0,27.0
2027-02-07,17.0,27.0,12.0
2027-02-08,31.0,36.0,18.0
2027-02-09,32.0,48.0,32.0
2027-02-10,37.0,49.0,28.0
2027-02-11,72.0,83.0,44.0
2027-02-12,64.0,72.0,34.0
2027-02-13,80.0,90.0,62.0
2027-02-14,18.0,21.0,12.0
2027-02-15,54.0,40.0,31.0
2027-02-16,45.0,32.0,30.0
2027-02-17,61.0,75.0,52.0
2027-02-18,46.0,63.0,33.0
2027-02-19,79.0,88.0,46.0
2027-02-20,44.0,57.0,31.0
2027-02-21,37.0,22.0,18.0
2027-02-22,53.0,74.0,35.0
2027-02-23,55.0,50.0,35.0
2027-02-24,59.0,69.0,46.0
2027-02-25,59.0,53.0,24.0
2027-02-26,80.0,81.0,55.0
2027-02-27,60.0,99.0,51.0
2027-02-28,24.0,28.0,20.0
2027-03-01,39.0,59.0,21.0
2027-03-02,47.0,41.0,29.0
2027-03-03,52.0,71.0,29.0
2027-03-04,80.0,93.0,55.0
2027-03-05,64.0,68.0,45.0
2027-03-06,60.0,74.0,37.0
2027-03-07,24.0,35.0,17.0
2027-03-08,44.0,42.0,28.0
2027-03-09,44.0,49.0,26.0
2027-03-10,64.0,65.0,41.0
2027-03-11,30.0,39.0,20.0
2027-03-12,72.0,95.0,63.0
2027-03-13,61.0,55.0,37.0
2027-03-14,36.0,35.0,24.0
2027-03-15,67.0,53.0,41.0
2027-03-16,42.0,40.0,31.0
2027-03-17,38.0,56.0,33.0
2027-03-18,49.0,70.0,41.0
2027-03-19,87.0,99.0,64.0
2027-03-20,42.0,44.0,39.0
2027-03-21,24.0,25.0,13.0
2027-03-22,45.0,51.0,23.0
2027-03-23,39.0,46.0,30.0
2027-03-24,80.0,106.0,47.0
2027-03-25,74.0,90.0,43.0
2027-03-26,81.0,108.0,66.0
2027-03-27,136.0,165.0,100.0
2027-03-28,35.0,42.0,26.0
2027-03-29,66.0,91.0,34.0
2027-03-30,54.0,72.0,51.0
2027-03-31,63.0,82.0,37.0
2027-04-01,112.0,170.0,88.0
2027-04-02,91.0,120.0,48.0
2027-04-03,108.0,139.0,78.0
2027-04-04,20.0,13.0,14.0
2027-04-05,85.0,68.0,43.0
2027-04-06,78.0,88.0,43.0
2027-04-07,112.0,157.0,69.0
2027-04-08,147.0,164.0,100.0
2027-04-09,108.0,135.0,89.0
2027-04-10,104.0,111.0,75.0
2027-04-11,57.0,66.0,31.0
2027-04-12,60.0,89.0,47.0
2027-04-13,129.0,155.0,102.0
2027-04-14,99.0,112.0,71.0
2027-04-15,163.0,163.0,109.0
2027-04-16,96.0,109.0,77.0
2027-04-17,69.0,94.0,49.0
2027-04-18,52.0,56.0,27.0
2027-04-19,66.0,76.0,40.0
2027-04-20,54.0,58.0,52.0
2027-04-21,80.0,105.0,56.0
2027-04-22,130.0,152.0,95.0
2027-04-23,81.0,100.0,53.0
2027-04-24,169.0,215.0,124.0
2027-04-25,49.0,61.0,48.0
2027-04-26,98.0,132.0,79.0
2027-04-27,102.0,139.0,74.0
2027-04-28,147.0,179.0,115.0
2027-04-29,172.0,172.0,109.0
2027-04-30,125.0,142.0,76.0
2027-05-01,157.0,181.0,108.0
2027-05-02,46.0,54.0,32.0
2027-05-03,131.0,133.0,87.0
2027-05-04,59.0,107.0,58.0
2027-05-05,79.0,65.0,49.0
2027-05-06,135.0,180.0,106.0
2027-05-07,161.0,189.0,121.0
2027-05-08,127.0,116.0,63.0
2027-05-09,76.0,83.0,52.0
2027-05-10,43.0,48.0,20.0
2027-05-11,106.0,108.0,59.0
2027-05-12,162.0,187.0,116.0
2027-05-13,94.0,119.0,61.0
2027-05-14,83.0,106.0,47.0
2027-05-15,118.0,172.0,97.0
2027-05-16,58.0,69.0,33.0
2027-05-17,92.0,97.0,80.0
2027-05-18,67.0,61.0,37.0
2027-05-19,170.0,176.0,109.0
2027-05-20,133.0,160.0,110.0
2027-05-21,81.0,78.0,47.0
2027-05-22,63.0,81.0,47.0
2027-05-23,50.0,55.0,35.0
2027-05-24,75.0,76.0,59.0
2027-05-25,39.0,58.0,27.0
2027-05-26,46.0,55.0,30.0
2027-05-27,26.0,31.0,19.0
2027-05-28,109.0,175.0,100.0
2027-05-29,57.0,73.0,47.0
2027-05-30,46.0,45.0,34.0
2027-05-31,39.0,63.0,23.0
2027-06-01,47.0,56.0,34.0
2027-06-02,50.0,66.0,45.0
2027-06-03,13.0,16.0,7.0
2027-06-04,67.0,75.0,42.0
2027-06-05,103.0,128.0,71.0
2027-06-06,41.0,56.0,35.0
2027-06-07,55.0,80.0,38.0
2027-06-08,46.0,61.0,38.0
2027-06-09,47.0,47.0,30.0
2027-06-10,80.0,83.0,53.0
2027-06-11,128.0,125.0,75.0
2027-06-12,61.0,85.0,50.0
2027-06-13,42.0,53.0,21.0
2027-06-14,49.0,68.0,46.0
2027-06-15,19.0,34.0,11.0
2027-06-16,51.0,66.0,27.0
2027-06-17,79.0,114.0,72.0
2027-06-18,44.0,52.0,24.0
2027-06-19,27.0,37.0,30.0
2027-06-20,15.0,17.0,12.0
2027-06-21,27.0,32.0,26.0
2027-06-22,32.0,27.0,22.0
2027-06-23,32.0,45.0,20.0
2027-06-24,17.0,17.0,11.0
2027-06-25,36.0,35.0,17.0
2027-06-26,28.0,39.0,22.0
2027-06-27,8.0,11.0,4.0
2027-06-28,28.0,26.0,19.0
2027-06-29,30.0,29.0,18.0
2027-06-30,34.0,37.0,28.0
2027-07-01,29.0,32.0,9.0
2027-07-02,60.0,53.0,41.0
2027-07-03,36.0,37.0,22.0
2027-07-04,21.0,16.0,11.0
2027-07-05,30.0,44.0,19.0
2027-07-06,29.0,36.0,18.0
2027-07-07,50.0,32.0,28.0
2027-07-08,41.0,40.0,25.0
2027-07-09,48.0,53.0,32.0
2027-07-10,31.0,48.0,19.0
2027-07-11,18.0,19.0,10.0
2027-07-12,29.0,26.0,19.0
2027-07-13,19.0,30.0,15.0
2027-07-14,41.0,59.0,39.0
2027-07-15,46.0,44.0,27.0
2027-07-16,100.0,95.0,61.0
2027-07-17,56.0,53.0,55.0
2027-07-18,49.0,58.0,25.0
2027-07-19,65.0,97.0,55.0
2027-07-20,59.0,94.0,47.0
2027-07-21,111.0,122.0,92.0
2027-07-22,86.0,100.0,41.0
2027-07-23,81.0,103.0,64.0
2027-07-24,57.0,56.0,32.0
2027-07-25,18.0,34.0,15.0
2027-07-26,60.0,61.0,42.0
2027-07-27,56.0,64.0,41.0
2027-07-28,41.0,47.0,31.0
2027-07-29,66.0,93.0,56.0
2027-07-30,124.0,138.0,84.0
2027-07-31,120.0,108.0,74.0
2027-08-01,50.0,64.0,29.0
2027-08-02,75.0,93.0,77.0
2027-08-03,81.0,100.0,61.0
2027-08-04,80.0,85.0,56.0
2027-08-05,108.0,134.0,85.0
2027-08-06,78.0,94.0,55.0
2027-08-07,80.0,86.0,52.0
2027-08-08,40.0,38.0,24.0
2027-08-09,53.0,69.0,50.0
2027-08-10,72.0,95.0,55.0
2027-08-11,48.0,54.0,38.0
2027-08-12,100.0,114.0,70.0
2027-08-13,115.0,121.0,76.0
2027-08-14,82.0,69.0,46.0
2027-08-15,21.0,28.0,16.0
2027-08-16,26.0,34.0,17.0
2027-08-17,45.0,47.0,31.0
2027-08-18,39.0,36.0,13.0
2027-08-19,61.0,61.0,33.0
2027-08-20,78.0,88.0,49.0
2027-08-21,65.0,72.0,40.0
2027-08-22,25.0,26.0,17.0
2027-08-23,30.0,56.0,33.0
2027-08-24,54.0,67.0,42.0
2027-08-25,68.0,83.0,43.0
2027-08-26,50.0,72.0,37.0
2027-08-27,51.0,59.0,26.0
2027-08-28,39.0,40.0,37.0
2027-08-29,30.0,27.0,27.0
2027-08-30,49.0,54.0,31.0
2027-08-31,40.0,37.0,27.0
2027-09-01,56.0,68.0,51.0
2027-09-02,85.0,90.0,51.0
2027-09-03,55.0,79.0,45.0
2027-09-04,69.0,84.0,56.0
2027-09-05,20.0,33.0,15.0
2027-09-06,24.0,32.0,18.0
2027-09-07,36.0,57.0,29.0
2027-09-08,52.0,63.0,28.0
2027-09-09,66.0,50.0,33.0
2027-09-10,76.0,92.0,49.0
2027-09-11,30.0,29.0,19.0
2027-09-12,30.0,29.0,16.0
2027-09-13,50.0,76.0,31.0
2027-09-14,32.0,36.0,20.0
2027-09-15,28.0,35.0,22.0
2027-09-16,66.0,66.0,40.0
2027-09-17,45.0,71.0,30.0
2027-09-18,51.0,48.0,30.0
2027-09-19,18.0,34.0,18.0
2027-09-20,44.0,52.0,39.0
2027-09-21,54.0,58.0,24.0
2027-09-22,17.0,30.0,21.0
2027-09-23,59.0,75.0,39.0
2027-09-24,60.0,78.0,47.0
2027-09-25,46.0,50.0,25.0
2027-09-26,25.0,40.0,17.0
2027-09-27,31.0,40.0,21.0
2027-09-28,53.0,51.0,39.0
2027-09-29,51.0,38.0,35.0
2027-09-30,66.0,70.0,38.0
2027-10-01,25.0,28.0,13.0
2027-10-02,42.0,52.0,32.0
2027-10-03,23.0,32.0,19.0
2027-10-04,45.0,54.0,32.0
2027-10-05,36.0,46.0,26.0
2027-10-06,39.0,43.0,32.0
2027-10-07,30.0,43.0,30.0
2027-10-08,71.0,100.0,55.0
2027-10-09,76.0,83.0,50.0
2027-10-10,57.0,62.0,22.0
2027-10-11,68.0,77.0,39.0
2027-10-12,53.0,52.0,44.0
2027-10-13,66.0,67.0,53.0
2027-10-14,87.0,108.0,66.0
2027-10-15,119.0,129.0,81.0
2027-10-16,82.0,101.0,53.0
2027-10-17,31.0,43.0,29.0
2027-10-18,57.0,57.0,22.0
2027-10-19,46.0,52.0,31.0
2027-10-20,110.0,142.0,78.0
2027-10-21,90.0,110.0,49.0
2027-10-22,89.0,101.0,64.0
2027-10-23,57.0,44.0,27.0
2027-10-24,29.0,26.0,28.0
2027-10-25,48.0,63.0,47.0
2027-10-26,40.0,53.0,32.0
2027-10-27,57.0,40.0,33.0
2027-10-28,76.0,86.0,57.0
2027-10-29,116.0,137.0,80.0
2027-10-30,54.0,63.0,45.0
2027-10-31,44.0,49.0,32.0
2027-11-01,37.0,43.0,26.0
2027-11-02,40.0,66.0,33.0
2027-11-03,57.0,80.0,42.0
2027-11-04,82.0,57.0,38.0
2027-11-05,83.0,112.0,67.0
2027-11-06,31.0,47.0,22.0
2027-11-07,16.0,13.0,9.0
2027-11-08,78.0,75.0,43.0
2027-11-09,54.0,63.0,38.0
2027-11-10,53.0,42.0,30.0
2027-11-11,113.0,104.0,56.0
2027-11-12,78.0,106.0,61.0
2027-11-13,57.0,62.0,37.0
2027-11-14,41.0,39.0,18.0
2027-11-15,41.0,56.0,32.0
2027-11-16,43.0,57.0,33.0
2027-11-17,68.0,67.0,41.0
2027-11-18,45.0,67.0,32.0
2027-11-19,76.0,90.0,47.0
2027-11-20,84.0,82.0,56.0
2027-11-21,13.0,19.0,9.0
2027-11-22,25.0,27.0,6.0
2027-11-23,43.0,66.0,31.0
2027-11-24,52.0,54.0,30.0
2027-11-25,89.0,96.0,59.0
2027-11-26,96.0,130.0,57.0
2027-11-27,71.0,77.0,46.0
2027-11-28,22.0,26.0,28.0
2027-11-29,40.0,49.0,30.0
2027-11-30,61.0,56.0,41.0
2027-12-01,50.0,52.0,36.0
2027-12-02,91.0,107.0,65.0
2027-12-03,127.0,144.0,93.0
2027-12-04,83.0,90.0,53.0
2027-12-05,21.0,41.0,24.0
2027-12-06,52.0,52.0,50.0
2027-12-07,64.0,64.0,40.0
2027-12-08,115.0,134.0,72.0
2027-12-09,105.0,138.0,71.0
2027-12-10,129.0,149.0,79.0
2027-12-11,73.0,103.0,45.0
2027-12-12,32.0,36.0,26.0
2027-12-13,112.0,130.0,72.0
2027-12-14,57.0,72.0,42.0
2027-12-15,81.0,120.0,75.0
2027-12-16,112.0,140.0,74.0
2027-12-17,86.0,107.0,72.0
2027-12-18,93.0,112.0,59.0
2027-12-19,45.0,49.0,27.0
2027-12-20,53.0,74.0,38.0
2027-12-21,33.0,76.0,37.0
2027-12-22,83.0,108.0,57.0
2027-12-23,136.0,150.0,93.0
2027-12-24,98.0,110.0,72.0
2027-12-25,101.0,95.0,51.0
2027-12-26,36.0,32.0,30.0
2027-12-27,95.0,110.0,69.0
2027-12-28,76.0,84.0,51.0
2027-12-29,82.0,84.0,53.0
2027-12-30,108.0,129.0,77.0
2027-12-31,102.0,113.0,81.0
2028-01-01,20.0,16.0,17.0
2028-01-02,9.0,9.0,1.0
2028-01-03,17.0,14.0,6.0
2028-01-04,28.0,24.0,13.0
2028-01-05,21.0,30.0,18.0
2028-01-06,32.0,30.0,17.0
2028-01-07,34.0,41.0,23.0
2028-01-08,26.0,47.0,26.0
2028-01-09,11.0,7.0,7.0
2028-01-10,22.0,31.0,15.0
2028-01-11,11.0,16.0,14.0
2028-01-12,27.0,25.0,18.0
2028-01-13,34.0,36.0,22.0
2028-01-14,29.0,32.0,26.0
2028-01-15,19.0,33.0,11.0
2028-01-16,15.0,14.0,3.0
2028-01-17,29.0,30.0,19.0
2028-01-18,18.0,17.0,11.0
2028-01-19,16.0,36.0,14.0
2028-01-20,21.0,33.0,18.0
2028-01-21,30.0,32.0,19.0
2028-01-22,25.0,29.0,20.0
2028-01-23,12.0,18.0,10.0
2028-01-24,17.0,22.0,13.0
2028-01-25,19.0,20.0,16.0
2028-01-26,27.0,38.0,20.0
2028-01-27,26.0,24.0,17.0
2028-01-28,70.0,59.0,21.0
2028-01-29,63.0,63.0,26.0
2028-01-30,42.0,28.0,33.0
2028-01-31,42.0,62.0,37.0
2028-02-01,30.0,49.0,30.0
2028-02-02,22.0,37.0,25.0
2028-02-03,34.0,65.0,31.0
2028-02-04,64.0,83.0,47.0
2028-02-05,68.0,61.0,50.0
2028-02-06,32.0,39.0,17.0
2028-02-07,49.0,68.0,33.0
2028-02-08,17.0,30.0,14.0
2028-02-09,86.0,94.0,50.0
2028-02-10,66.0,68.0,51.0
2028-02-11,74.0,108.0,60.0
2028-02-12,47.0,50.0,26.0
2028-02-13,31.0,34.0,21.0
2028-02-14,41.0,49.0,36.0
2028-02-15,41.0,60.0,29.0
2028-02-16,47.0,56.0,27.0
2028-02-17,75.0,93.0,39.0
2028-02-18,73.0,66.0,60.0
2028-02-19,73.0,65.0,32.0
2028-02-20,39.0,26.0,19.0
2028-02-21,60.0,81.0,34.0
2028-02-22,46.0,67.0,39.0
2028-02-23,32.0,41.0,22.0
2028-02-24,70.0,64.0,48.0
2028-02-25,62.0,59.0,35.0
2028-02-26,108.0,126.0,64.0
2028-02-27,43.0,49.0,27.0
2028-02-28,39.0,38.0,25.0
2028-02-29,55.0,69.0,40.0
2028-03-01,110.0,106.0,66.0
2028-03-02,92.0,120.0,67.0
2028-03-03,98.0,91.0,59.0
2028-03-04,89.0,138.0,74.0
2028-03-05,33.0,45.0,16.0
2028-03-06,46.0,52.0,19.0
2028-03-07,44.0,70.0,27.0
2028-03-08,52.0,53.0,40.0
2028-03-09,93.0,116.0,67.0
2028-03-10,122.0,158.0,84.0
2028-03-11,83.0,120.0,69.0
2028-03-12,34.0,39.0,25.0
2028-03-13,59.0,71.0,59.0
2028-03-14,65.0,74.0,40.0
2028-03-15,75.0,100.0,56.0
2028-03-16,85.0,106.0,68.0
2028-03-17,107.0,97.0,59.0
2028-03-18,96.0,136.0,74.0
2028-03-19,19.0,17.0,4.0
2028-03-20,70.0,95.0,46.0
2028-03-21,100.0,125.0,75.0
2028-03-22,101.0,113.0,66.0
2028-03-23,82.0,89.0,47.0
2028-03-24,116.0,148.0,92.0
2028-03-25,117.0,169.0,88.0
2028-03-26,45.0,58.0,31.0
2028-03-27,61.0,81.0,46.0
2028-03-28,121.0,108.0,55.0
2028-03-29,86.0,115.0,62.0
2028-03-30,144.0,166.0,90.0
2028-03-31,91.0,140.0,79.0
2028-04-01,86.0,120.0,79.0
2028-04-02,55.0,82.0,32.0
2028-04-03,69.0,74.0,46.0
2028-04-04,50.0,49.0,31.0
2028-04-05,80.0,112.0,74.0
2028-04-06,104.0,128.0,70.0
2028-04-07,63.0,79.0,50.0
2028-04-08,90.0,98.0,60.0
2028-04-09,47.0,62.0,25.0
2028-04-10,51.0,57.0,31.0
2028-04-11,49.0,65.0,47.0
2028-04-12,89.0,121.0,54.0
2028-04-13,129.0,153.0,97.0
2028-04-14,137.0,178.0,106.0
2028-04-15,90.0,132.0,57.0
2028-04-16,34.0,26.0,21.0
2028-04-17,60.0,80.0,52.0
2028-04-18,55.0,86.0,50.0
2028-04-19,118.0,148.0,59.0
2028-04-20,109.0,115.0,86.0
2028-04-21,116.0,160.0,84.0
2028-04-22,114.0,171.0,97.0
2028-04-23,68.0,71.0,36.0
2028-04-24,77.0,113.0,62.0
2028-04-25,62.0,74.0,45.0
2028-04-26,90.0,104.0,55.0
2028-04-27,121.0,147.0,88.0
2028-04-28,179.0,225.0,113.0
2028-04-29,93.0,101.0,80.0
2028-04-30,47.0,48.0,35.0
2028-05-01,63.0,53.0,44.0
2028-05-02,91.0,116.0,47.0
2028-05-03,139.0,179.0,98.0
2028-05-04,155.0,180.0,107.0
2028-05-05,99.0,118.0,64.0
2028-05-06,46.0,70.0,36.0
2028-05-07,79.0,79.0,41.0
2028-05-08,98.0,133.0,56.0
2028-05-09,92.0,116.0,80.0
2028-05-10,106.0,106.0,67.0
2028-05-11,105.0,112.0,54.0
2028-05-12,161.0,179.0,115.0
2028-05-13,160.0,198.0,99.0
2028-05-14,35.0,57.0,25.0
2028-05-15,97.0,138.0,80.0
2028-05-16,134.0,123.0,56.0
2028-05-17,59.0,57.0,38.0
2028-05-18,129.0,160.0,93.0
2028-05-19,210.0,252.0,190.0
2028-05-20,26.0,35.0,26.0
2028-05-21,25.0,19.0,16.0
2028-05-22,32.0,34.0,14.0
2028-05-23,27.0,31.0,23.0
2028-05-24,35.0,41.0,31.0
2028-05-25,66.0,68.0,40.0
2028-05-26,54.0,61.0,38.0
2028-05-27,45.0,39.0,33.0
2028-05-28,17.0,14.0,13.0
2028-05-29,39.0,46.0,13.0
2028-05-30,46.0,57.0,41.0
2028-05-31,68.0,78.0,54.0
2028-06-01,44.0,51.0,32.0
2028-06-02,79.0,83.0,48.0
2028-06-03,40.0,55.0,20.0
2028-06-04,13.0,18.0,15.0
2028-06-05,30.0,40.0,20.0
2028-06-06,27.0,40.0,33.0
2028-06-07,42.0,64.0,18.0
2028-06-08,37.0,45.0,30.0
2028-06-09,58.0,67.0,54.0
2028-06-10,46.0,45.0,40.0
2028-06-11,32.0,26.0,17.0
2028-06-12,22.0,24.0,15.0
2028-06-13,34.0,32.0,24.0
2028-06-14,25.0,37.0,19.0
2028-06-15,54.0,51.0,21.0
2028-06-16,63.0,61.0,39.0
2028-06-17,42.0,45.0,39.0
2028-06-18,28.0,26.0,20.0
2028-06-19,35.0,37.0,15.0
2028-06-20,48.0,43.0,29.0
2028-06-21,37.0,42.0,28.0
2028-06-22,51.0,47.0,37.0
2028-06-23,43.0,57.0,20.0
2028-06-24,34.0,65.0,44.0
2028-06-25,18.0,29.0,23.0
2028-06-26,38.0,29.0,17.0
2028-06-27,27.0,28.0,14.0
2028-06-28,53.0,44.0,26.0
2028-06-29,45.0,48.0,26.0
2028-06-30,40.0,52.0,30.0
2028-07-01,37.0,34.0,27.0
2028-07-02,19.0,19.0,14.0
2028-07-03,62.0,60.0,42.0
2028-07-04,21.0,35.0,23.0
2028-07-05,53.0,60.0,32.0
2028-07-06,45.0,64.0,28.0
2028-07-07,70.0,92.0,51.0
2028-07-08,51.0,72.0,40.0
2028-07-09,21.0,29.0,10.0
2028-07-10,25.0,41.0,29.0
2028-07-11,31.0,47.0,26.0
2028-07-12,48.0,59.0,31.0
2028-07-13,31.0,32.0,15.0
2028-07-14,69.0,86.0,35.0
2028-07-15,98.0,127.0,69.0
2028-07-16,68.0,71.0,40.0
2028-07-17,125.0,133.0,82.0
2028-07-18,128.0,140.0,88.0
2028-07-19,90.0,86.0,56.0
2028-07-20,85.0,104.0,67.0
2028-07-21,133.0,155.0,94.0
2028-07-22,110.0,116.0,61.0
2028-07-23,41.0,56.0,20.0
2028-07-24,111.0,146.0,64.0
2028-07-25,69.0,82.0,51.0
2028-07-26,135.0,151.0,65.0
2028-07-27,110.0,140.0,86.0
2028-07-28,180.0,204.0,103.0
2028-07-29,143.0,150.0,114.0
2028-07-30,56.0,78.0,32.0
2028-07-31,89.0,105.0,74.0
2028-08-01,134.0,137.0,98.0
2028-08-02,105.0,126.0,62.0
2028-08-03,194.0,208.0,113.0
2028-08-04,171.0,177.0,119.0
2028-08-05,154.0,211.0,126.0
2028-08-06,70.0,79.0,34.0
2028-08-07,146.0,182.0,94.0
2028-08-08,100.0,118.0,76.0
2028-08-09,81.0,109.0,55.0
2028-08-10,113.0,127.0,79.0
2028-08-11,157.0,240.0,122.0
2028-08-12,133.0,154.0,109.0
2028-08-13,45.0,62.0,28.0
2028-08-14,146.0,162.0,90.0
2028-08-15,80.0,111.0,62.0
2028-08-16,107.0,146.0,56.0
2028-08-17,123.0,131.0,78.0
2028-08-18,142.0,166.0,105.0
2028-08-19,109.0,137.0,93.0
2028-08-20,71.0,88.0,53.0
2028-08-21,141.0,178.0,74.0
2028-08-22,114.0,153.0,90.0
2028-08-23,159.0,174.0,104.0
2028-08-24,132.0,141.0,87.0
2028-08-25,240.0,211.0,145.0
2028-08-26,130.0,146.0,95.0
2028-08-27,46.0,41.0,33.0
2028-08-28,81.0,97.0,61.0
2028-08-29,94.0,132.0,53.0
2028-08-30,156.0,155.0,140.0
2028-08-31,133.0,135.0,89.0
2028-09-01,236.0,273.0,165.0
2028-09-02,83.0,101.0,69.0
2028-09-03,87.0,86.0,66.0
2028-09-04,119.0,170.0,117.0
2028-09-05,103.0,124.0,54.0
2028-09-06,94.0,106.0,64.0
2028-09-07,145.0,159.0,97.0
2028-09-08,156.0,159.0,108.0
2028-09-09,58.0,76.0,34.0
2028-09-10,31.0,45.0,26.0
2028-09-11,31.0,21.0,22.0
2028-09-12,31.0,52.0,27.0
2028-09-13,77.0,73.0,40.0
2028-09-14,89.0,87.0,45.0
2028-09-15,106.0,130.0,72.0
2028-09-16,42.0,53.0,30.0
2028-09-17,32.0,37.0,26.0
2028-09-18,34.0,46.0,25.0
2028-09-19,43.0,64.0,37.0
2028-09-20,71.0,81.0,51.0
2028-09-21,97.0,104.0,55.0
2028-09-22,106.0,119.0,73.0
2028-09-23,100.0,79.0,50.0
2028-09-24,25.0,38.0,26.0
2028-09-25,59.0,68.0,55.0
2028-09-26,65.0,52.0,29.0
2028-09-27,59.0,72.0,53.0
2028-09-28,82.0,103.0,69.0
2028-09-29,90.0,113.0,66.0
2028-09-30,75.0,116.0,53.0
2028-10-01,32.0,53.0,32.0
2028-10-02,66.0,64.0,37.0
2028-10-03,55.0,58.0,45.0
2028-10-04,71.0,101.0,47.0
2028-10-05,74.0,87.0,49.0
2028-10-06,45.0,83.0,50.0
2028-10-07,66.0,87.0,51.0
2028-10-08,38.0,46.0,19.0
2028-10-09,95.0,117.0,57.0
2028-10-10,88.0,92.0,37.0
2028-10-11,90.0,78.0,57.0
2028-10-12,63.0,78.0,43.0
2028-10-13,149.0,185.0,111.0
2028-10-14,110.0,153.0,94.0
2028-10-15,44.0,50.0,34.0
2028-10-16,80.0,77.0,60.0
2028-10-17,56.0,68.0,43.0
2028-10-18,108.0,117.0,57.0
2028-10-19,99.0,143.0,67.0
2028-10-20,113.0,97.0,46.0
2028-10-21,61.0,62.0,45.0
2028-10-22,37.0,44.0,25.0
2028-10-23,54.0,83.0,47.0
2028-10-24,43.0,41.0,28.0
2028-10-25,104.0,125.0,66.0
2028-10-26,105.0,128.0,71.0
2028-10-27,133.0,106.0,63.0
2028-10-28,66.0,82.0,54.0
2028-10-29,45.0,33.0,29.0
2028-10-30,79.0,101.0,43.0
2028-10-31,52.0,60.0,24.0
2028-11-01,71.0,75.0,38.0
2028-11-02,118.0,123.0,77.0
2028-11-03,120.0,177.0,89.0
2028-11-04,125.0,141.0,106.0
2028-11-05,51.0,70.0,31.0
2028-11-06,98.0,85.0,56.0
2028-11-07,123.0,138.0,85.0
2028-11-08,64.0,81.0,36.0
2028-11-09,111.0,126.0,65.0
2028-11-10,131.0,152.0,84.0
2028-11-11,130.0,173.0,95.0
2028-11-12,15.0,32.0,13.0
2028-11-13,84.0,109.0,60.0
2028-11-14,100.0,106.0,55.0
2028-11-15,186.0,210.0,111.0
2028-11-16,128.0,185.0,91.0
2028-11-17,158.0,192.0,105.0
2028-11-18,137.0,142.0,89.0
2028-11-19,56.0,63.0,42.0
2028-11-20,119.0,154.0,99.0
2028-11-21,145.0,145.0,85.0
2028-11-22,133.0,136.0,102.0
2028-11-23,125.0,177.0,108.0
2028-11-24,153.0,168.0,110.0
2028-11-25,96.0,118.0,52.0
2028-11-26,53.0,56.0,33.0
2028-11-27,100.0,144.0,92.0
2028-11-28,86.0,136.0,66.0
2028-11-29,106.0,125.0,77.0
2028-11-30,158.0,164.0,96.0
2028-12-01,129.0,179.0,105.0
2028-12-02,180.0,201.0,131.0
2028-12-03,106.0,124.0,73.0
2028-12-04,186.0,185.0,100.0
2028-12-05,86.0,115.0,55.0
2028-12-06,283.0,315.0,206.0
2028-12-07,267.0,329.0,173.0
2028-12-08,279.0,353.0,205.0
2028-12-09,180.0,192.0,131.0
2028-12-10,66.0,94.0,45.0
2028-12-11,161.0,182.0,134.0
2028-12-12,128.0,149.0,98.0
2028-12-13,192.0,247.0,139.0
2028-12-14,132.0,152.0,78.0
2028-12-15,307.0,354.0,219.0
2028-12-16,242.0,288.0,172.0
2028-12-17,74.0,88.0,53.0
2028-12-18,168.0,189.0,99.0
2028-12-19,137.0,153.0,117.0
2028-12-20,246.0,294.0,190.0
2028-12-21,290.0,291.0,186.0
2028-12-22,341.0,377.0,187.0
2028-12-23,196.0,223.0,149.0
2028-12-24,57.0,71.0,42.0
2028-12-25,99.0,126.0,59.0
2028-12-26,177.0,196.0,135.0
2028-12-27,220.0,302.0,156.0
2028-12-28,202.0,278.0,119.0
2028-12-29,248.0,313.0,162.0
2028-12-30,205.0,225.0,151.0
2028-12-31,64.0,73.0,32.0
2029-01-01,25.0,26.0,21.0
2029-01-02,36.0,41.0,22.0
2029-01-03,32.0,36.0,20.0
2029-01-04,45.0,43.0,37.0
2029-01-05,23.0,37.0,11.0
2029-01-06,34.0,40.0,22.0
2029-01-07,14.0,26.0,15.0
2029-01-08,44.0,32.0,21.0
2029-01-09,23.0,33.0,26.0
2029-01-10,49.0,52.0,32.0
2029-01-11,41.0,49.0,27.0
2029-01-12,36.0,38.0,26.0
2029-01-13,25.0,23.0,19.0
2029-01-14,11.0,13.0,13.0
2029-01-15,27.0,36.0,31.0
2029-01-16,24.0,27.0,15.0
2029-01-17,29.0,35.0,13.0
2029-01-18,23.0,31.0,16.0
2029-01-19,53.0,55.0,23.0
2029-01-20,41.0,43.0,33.0
2029-01-21,21.0,25.0,13.0
2029-01-22,33.0,25.0,23.0
2029-01-23,9.0,9.0,9.0
2029-01-24,23.0,40.0,20.0
2029-01-25,33.0,39.0,27.0
2029-01-26,34.0,36.0,17.0
2029-01-27,44.0,46.0,26.0
2029-01-28,12.0,16.0,5.0
2029-01-29,86.0,78.0,39.0
2029-01-30,58.0,49.0,24.0
2029-01-31,71.0,82.0,45.0
2029-02-01,86.0,122.0,72.0
2029-02-02,77.0,88.0,55.0
2029-02-03,61.0,55.0,45.0
2029-02-04,24.0,28.0,15.0
2029-02-05,59.0,72.0,39.0
2029-02-06,68.0,93.0,49.0
2029-02-07,59.0,73.0,41.0
2029-02-08,85.0,112.0,62.0
2029-02-09,59.0,72.0,25.0
2029-02-10,36.0,54.0,32.0
2029-02-11,30.0,33.0,22.0
2029-02-12,41.0,53.0,28.0
2029-02-13,54.0,57.0,35.0
2029-02-14,92.0,80.0,38.0
2029-02-15,78.0,93.0,56.0
2029-02-16,82.0,135.0,75.0
2029-02-17,63.0,80.0,47.0
2029-02-18,37.0,45.0,29.0
2029-02-19,89.0,94.0,69.0
2029-02-20,44.0,42.0,20.0
2029-02-21,59.0,55.0,30.0
2029-02-22,64.0,83.0,50.0
2029-02-23,58.0,90.0,54.0
2029-02-24,91.0,110.0,54.0
2029-02-25,34.0,46.0,27.0
2029-02-26,115.0,126.0,84.0
2029-02-27,65.0,61.0,49.0
2029-02-28,128.0,123.0,79.0
2029-03-01,110.0,112.0,88.0
2029-03-02,122.0,134.0,96.0
2029-03-03,90.0,126.0,72.0
2029-03-04,33.0,51.0,22.0
2029-03-05,86.0,100.0,46.0
2029-03-06,80.0,99.0,47.0
2029-03-07,94.0,90.0,53.0
2029-03-08,110.0,117.0,75.0
2029-03-09,127.0,167.0,94.0
2029-03-10,111.0,109.0,77.0
2029-03-11,57.0,75.0,34.0
2029-03-12,76.0,89.0,58.0
2029-03-13,80.0,87.0,59.0
2029-03-14,129.0,128.0,84.0
2029-03-15,35.0,45.0,33.0
2029-03-16,111.0,123.0,95.0
2029-03-17,79.0,89.0,52.0
2029-03-18,46.0,40.0,27.0
2029-03-19,45.0,69.0,35.0
2029-03-20,100.0,105.0,51.0
2029-03-21,56.0,72.0,43.0
2029-03-22,122.0,174.0,111.0
2029-03-23,149.0,172.0,111.0
2029-03-24,96.0,90.0,58.0
2029-03-25,45.0,50.0,29.0
2029-03-26,64.0,73.0,47.0
2029-03-27,49.0,60.0,42.0
2029-03-28,78.0,98.0,66.0
2029-03-29,73.0,97.0,61.0
2029-03-30,65.0,65.0,44.0
2029-03-31,94.0,121.0,57.0
2029-04-01,30.0,52.0,29.0
2029-04-02,66.0,85.0,43.0
2029-04-03,84.0,98.0,63.0
2029-04-04,89.0,98.0,65.0
2029-04-05,107.0,136.0,75.0
2029-04-06,21.0,30.0,17.0
2029-04-07,63.0,73.0,42.0
2029-04-08,19.0,30.0,13.0
2029-04-09,56.0,70.0,46.0
2029-04-10,73.0,83.0,48.0
2029-04-11,87.0,112.0,65.0
2029-04-12,82.0,91.0,56.0
2029-04-13,107.0,159.0,72.0
2029-04-14,97.0,124.0,62.0
2029-04-15,34.0,35.0,25.0
2029-04-16,78.0,76.0,50.0
2029-04-17,67.0,59.0,43.0
2029-04-18,98.0,113.0,57.0
2029-04-19,48.0,75.0,36.0
2029-04-20,138.0,146.0,86.0
2029-04-21,56.0,76.0,42.0
2029-04-22,16.0,22.0,8.0
2029-04-23,100.0,123.0,66.0
2029-04-24,164.0,214.0,109.0
2029-04-25,66.0,64.0,48.0
2029-04-26,119.0,106.0,79.0
2029-04-27,162.0,164.0,97.0
2029-04-28,195.0,231.0,137.0
2029-04-29,54.0,57.0,33.0
2029-04-30,104.0,109.0,58.0
2029-05-01,121.0,144.0,79.0
2029-05-02,197.0,196.0,124.0
2029-05-03,234.0,254.0,164.0
2029-05-04,188.0,231.0,139.0
2029-05-05,122.0,113.0,88.0
2029-05-06,51.0,58.0,34.0
2029-05-07,205.0,229.0,97.0
2029-05-08,157.0,180.0,106.0
2029-05-09,202.0,232.0,128.0
2029-05-10,291.0,375.0,215.0
2029-05-11,134.0,142.0,87.0
2029-05-12,187.0,219.0,136.0
2029-05-13,82.0,81.0,64.0
2029-05-14,164.0,153.0,98.0
2029-05-15,126.0,146.0,97.0
2029-05-16,156.0,162.0,114.0
2029-05-17,196.0,251.0,144.0
2029-05-18,199.0,254.0,134.0
2029-05-19,164.0,190.0,108.0
2029-05-20,97.0,124.0,68.0
2029-05-21,71.0,85.0,49.0
2029-05-22,35.0,47.0,26.0
2029-05-23,36.0,44.0,20.0
2029-05-24,62.0,80.0,45.0
2029-05-25,84.0,107.0,54.0
2029-05-26,84.0,94.0,77.0
2029-05-27,28.0,55.0,28.0
2029-05-28,82.0,82.0,53.0
2029-05-29,61.0,113.0,48.0
2029-05-30,68.0,78.0,51.0
2029-05-31,84.0,82.0,55.0
2029-06-01,140.0,174.0,112.0
2029-06-02,87.0,93.0,65.0
2029-06-03,26.0,32.0,17.0
2029-06-04,74.0,101.0,57.0
2029-06-05,64.0,88.0,40.0
2029-06-06,73.0,83.0,43.0
2029-06-07,83.0,87.0,47.0
2029-06-08,108.0,127.0,78.0
2029-06-09,89.0,94.0,75.0
2029-06-10,42.0,59.0,42.0
2029-06-11,88.0,99.0,52.0
2029-06-12,45.0,51.0,39.0
2029-06-13,90.0,113.0,62.0
2029-06-14,104.0,136.0,68.0
2029-06-15,116.0,148.0,94.0
2029-06-16,108.0,133.0,81.0
2029-06-17,26.0,38.0,31.0
2029-06-18,46.0,66.0,35.0
2029-06-19,67.0,69.0,39.0
2029-06-20,55.0,70.0,40.0
2029-06-21,26.0,21.0,17.0
2029-06-22,85.0,90.0,47.0
2029-06-23,43.0,36.0,21.0
2029-06-24,16.0,14.0,10.0
2029-06-25,53.0,66.0,37.0
2029-06-26,46.0,56.0,26.0
2029-06-27,78.0,58.0,33.0
2029-06-28,54.0,54.0,28.0
2029-06-29,73.0,95.0,42.0
2029-06-30,59.0,84.0,48.0
2029-07-01,35.0,29.0,21.0
2029-07-02,21.0,43.0,15.0
2029-07-03,35.0,36.0,32.0
2029-07-04,49.0,44.0,28.0
2029-07-05,57.0,62.0,45.0
2029-07-06,43.0,59.0,49.0
2029-07-07,53.0,71.0,51.0
2029-07-08,21.0,20.0,13.0
2029-07-09,24.0,29.0,24.0
2029-07-10,40.0,56.0,36.0
2029-07-11,40.0,67.0,35.0
2029-07-12,55.0,61.0,27.0
2029-07-13,80.0,94.0,53.0
2029-07-14,60.0,58.0,43.0
2029-07-15,15.0,26.0,18.0
2029-07-16,71.0,75.0,55.0
2029-07-17,98.0,114.0,65.0
2029-07-18,119.0,164.0,95.0
2029-07-19,117.0,143.0,96.0
2029-07-20,153.0,190.0,97.0
2029-07-21,59.0,80.0,48.0
2029-07-22,51.0,67.0,41.0
2029-07-23,71.0,107.0,57.0
2029-07-24,79.0,91.0,55.0
2029-07-25,95.0,113.0,72.0
2029-07-26,154.0,187.0,105.0
2029-07-27,127.0,171.0,91.0
2029-07-28,95.0,114.0,73.0
2029-07-29,30.0,32.0,16.0
2029-07-30,95.0,129.0,84.0
2029-07-31,120.0,140.0,90.0
2029-08-01,122.0,143.0,87.0
2029-08-02,119.0,148.0,98.0
2029-08-03,165.0,216.0,116.0
2029-08-04,108.0,131.0,71.0
2029-08-05,44.0,77.0,29.0
2029-08-06,80.0,100.0,60.0
2029-08-07,87.0,100.0,48.0
2029-08-08,79.0,151.0,72.0
2029-08-09,144.0,179.0,102.0
2029-08-10,155.0,171.0,129.0
2029-08-11,122.0,125.0,60.0
2029-08-12,28.0,26.0,17.0
2029-08-13,99.0,90.0,55.0
2029-08-14,37.0,63.0,45.0
2029-08-15,137.0,143.0,77.0
2029-08-16,90.0,91.0,52.0
2029-08-17,106.0,132.0,85.0
2029-08-18,128.0,143.0,87.0
2029-08-19,40.0,61.0,32.0
2029-08-20,90.0,125.0,64.0
2029-08-21,81.0,117.0,80.0
2029-08-22,36.0,54.0,26.0
2029-08-23,131.0,182.0,114.0
2029-08-24,145.0,173.0,84.0
2029-08-25,83.0,79.0,63.0
2029-08-26,32.0,49.0,22.0
2029-08-27,74.0,93.0,57.0
2029-08-28,58.0,65.0,37.0
2029-08-29,83.0,112.0,65.0
2029-08-30,135.0,140.0,87.0
2029-08-31,117.0,129.0,80.0
2029-09-01,70.0,107.0,55.0
2029-09-02,43.0,43.0,26.0
2029-09-03,97.0,101.0,57.0
2029-09-04,75.0,63.0,46.0
2029-09-05,71.0,92.0,53.0
2029-09-06,136.0,158.0,90.0
2029-09-07,118.0,147.0,96.0
2029-09-08,101.0,114.0,53.0
2029-09-09,35.0,37.0,28.0
2029-09-10,55.0,67.0,38.0
2029-09-11,59.0,83.0,45.0
2029-09-12,83.0,93.0,65.0
2029-09-13,82.0,91.0,71.0
2029-09-14,109.0,119.0,67.0
2029-09-15,50.0,63.0,48.0
2029-09-16,32.0,30.0,27.0
2029-09-17,52.0,67.0,45.0
2029-09-18,54.0,71.0,41.0
2029-09-19,41.0,54.0,34.0
2029-09-20,67.0,103.0,51.0
2029-09-21,48.0,56.0,28.0
2029-09-22,83.0,93.0,51.0
2029-09-23,35.0,31.0,22.0
2029-09-24,77.0,89.0,60.0
2029-09-25,78.0,70.0,47.0
2029-09-26,59.0,73.0,34.0
2029-09-27,96.0,108.0,59.0
2029-09-28,54.0,84.0,62.0
2029-09-29,59.0,78.0,31.0
2029-09-30,43.0,48.0,24.0
2029-10-01,57.0,73.0,54.0
2029-10-02,41.0,48.0,23.0
2029-10-03,43.0,54.0,29.0
2029-10-04,103.0,108.0,75.0
2029-10-05,114.0,106.0,82.0
2029-10-06,59.0,82.0,45.0
2029-10-07,34.0,52.0,17.0
2029-10-08,71.0,82.0,55.0
2029-10-09,86.0,93.0,48.0
2029-10-10,126.0,173.0,83.0
2029-10-11,104.0,120.0,72.0
2029-10-12,106.0,139.0,87.0
2029-10-13,118.0,141.0,91.0
2029-10-14,39.0,65.0,36.0
2029-10-15,78.0,83.0,49.0
2029-10-16,61.0,60.0,29.0
2029-10-17,35.0,44.0,18.0
2029-10-18,104.0,124.0,67.0
2029-10-19,102.0,152.0,96.0
2029-10-20,135.0,140.0,97.0
2029-10-21,40.0,67.0,22.0
2029-10-22,62.0,78.0,45.0
2029-10-23,55.0,71.0,43.0
2029-10-24,66.0,93.0,49.0
2029-10-25,98.0,113.0,63.0
2029-10-26,154.0,173.0,104.0
2029-10-27,101.0,107.0,59.0
2029-10-28,36.0,26.0,11.0
2029-10-29,79.0,96.0,48.0
2029-10-30,61.0,83.0,48.0
2029-10-31,91.0,93.0,48.0
2029-11-01,103.0,102.0,55.0
2029-11-02,167.0,194.0,86.0
2029-11-03,117.0,135.0,72.0
2029-11-04,43.0,56.0,25.0
2029-11-05,131.0,146.0,85.0
2029-11-06,142.0,128.0,87.0
2029-11-07,102.0,162.0,83.0
2029-11-08,156.0,213.0,130.0
2029-11-09,148.0,150.0,77.0
2029-11-10,96.0,96.0,57.0
2029-11-11,46.0,39.0,23.0
2029-11-12,52.0,53.0,31.0
2029-11-13,104.0,127.0,62.0
2029-11-14,88.0,109.0,70.0
2029-11-15,125.0,154.0,91.0
2029-11-16,116.0,150.0,88.0
2029-11-17,107.0,130.0,83.0
2029-11-18,24.0,39.0,35.0
2029-11-19,68.0,97.0,53.0
2029-11-20,119.0,135.0,94.0
2029-11-21,124.0,184.0,88.0
2029-11-22,160.0,199.0,115.0
2029-11-23,96.0,109.0,64.0
2029-11-24,102.0,136.0,72.0
2029-11-25,41.0,65.0,33.0
2029-11-26,119.0,112.0,56.0
2029-11-27,83.0,87.0,54.0
2029-11-28,191.0,214.0,135.0
2029-11-29,68.0,66.0,35.0
2029-11-30,91.0,106.0,56.0
2029-12-01,117.0,139.0,84.0
2029-12-02,54.0,53.0,26.0
2029-12-03,52.0,88.0,57.0
2029-12-04,100.0,113.0,57.0
2029-12-05,141.0,159.0,106.0
2029-12-06,92.0,107.0,56.0
2029-12-07,103.0,150.0,78.0
2029-12-08,112.0,116.0,78.0
2029-12-09,51.0,63.0,32.0
2029-12-10,86.0,89.0,55.0
2029-12-11,116.0,143.0,80.0
2029-12-12,96.0,117.0,72.0
2029-12-13,137.0,132.0,88.0
2029-12-14,153.0,223.0,120.0
2029-12-15,112.0,137.0,63.0
2029-12-16,57.0,67.0,44.0
2029-12-17,85.0,92.0,51.0
2029-12-18,71.0,77.0,58.0
2029-12-19,72.0,77.0,38.0
2029-12-20,126.0,177.0,101.0
2029-12-21,123.0,181.0,96.0
2029-12-22,135.0,197.0,103.0
2029-12-23,55.0,62.0,28.0
2029-12-24,90.0,108.0,53.0
2029-12-25,70.0,74.0,48.0
2029-12-26,87.0,111.0,73.0
2029-12-27,131.0,161.0,95.0
2029-12-28,186.0,194.0,127.0
2029-12-29,81.0,122.0,84.0
2029-12-30,63.0,63.0,42.0
2029-12-31,119.0,118.0,76.0
2030-01-01,42.0,47.0,39.0
2030-01-02,42.0,30.0,21.0
2030-01-03,36.0,45.0,32.0
2030-01-04,47.0,50.0,33.0
2030-01-05,30.0,36.0,19.0
2030-01-06,13.0,16.0,9.0
2030-01-07,35.0,25.0,19.0
2030-01-08,27.0,20.0,11.0
2030-01-09,36.0,31.0,24.0
2030-01-10,50.0,43.0,26.0
2030-01-11,54.0,69.0,46.0
2030-01-12,22.0,24.0,16.0
2030-01-13,23.0,32.0,10.0
2030-01-14,28.0,36.0,21.0
2030-01-15,22.0,29.0,22.0
2030-01-16,32.0,45.0,29.0
2030-01-17,41.0,51.0,30.0
2030-01-18,78.0,82.0,43.0
2030-01-19,54.0,48.0,22.0
2030-01-20,14.0,12.0,9.0
2030-01-21,44.0,39.0,23.0
2030-01-22,36.0,31.0,20.0
2030-01-23,28.0,51.0,34.0
2030-01-24,35.0,35.0,22.0
2030-01-25,34.0,37.0,24.0
2030-01-26,43.0,68.0,32.0
2030-01-27,23.0,10.0,5.0
2030-01-28,34.0,40.0,21.0
2030-01-29,49.0,68.0,41.0
2030-01-30,27.0,29.0,13.0
2030-01-31,85.0,103.0,66.0
2030-02-01,49.0,76.0,35.0
2030-02-02,65.0,68.0,32.0
2030-02-03,36.0,35.0,29.0
2030-02-04,67.0,72.0,44.0
2030-02-05,46.0,51.0,35.0
2030-02-06,62.0,97.0,53.0
2030-02-07,63.0,85.0,49.0
2030-02-08,71.0,105.0,56.0
2030-02-09,42.0,47.0,34.0
2030-02-10,21.0,25.0,10.0
2030-02-11,44.0,57.0,28.0
2030-02-12,43.0,51.0,40.0
2030-02-13,70.0,61.0,47.0
2030-02-14,67.0,85.0,49.0
2030-02-15,58.0,89.0,38.0
2030-02-16,56.0,54.0,43.0
2030-02-17,19.0,25.0,17.0
2030-02-18,67.0,79.0,53.0
2030-02-19,50.0,56.0,24.0
2030-02-20,59.0,67.0,33.0
2030-02-21,90.0,104.0,66.0
2030-02-22,110.0,96.0,56.0
2030-02-23,84.0,83.0,45.0
2030-02-24,27.0,42.0,33.0
2030-02-25,76.0,78.0,44.0
2030-02-26,38.0,51.0,31.0
2030-02-27,38.0,42.0,16.0
2030-02-28,93.0,102.0,57.0
2030-03-01,122.0,114.0,73.0
2030-03-02,42.0,74.0,31.0
2030-03-03,43.0,50.0,22.0
2030-03-04,45.0,62.0,40.0
2030-03-05,75.0,71.0,32.0
2030-03-06,33.0,43.0,29.0
2030-03-07,85.0,87.0,56.0
2030-03-08,72.0,99.0,54.0
2030-03-09,72.0,79.0,62.0
2030-03-10,27.0,25.0,14.0
2030-03-11,53.0,64.0,34.0
2030-03-12,75.0,77.0,38.0
2030-03-13,40.0,46.0,32.0
2030-03-14,88.0,101.0,51.0
2030-03-15,100.0,106.0,60.0
2030-03-16,72.0,82.0,41.0
2030-03-17,37.0,45.0,23.0
2030-03-18,77.0,73.0,38.0
2030-03-19,39.0,59.0,28.0
2030-03-20,59.0,87.0,47.0
2030-03-21,113.0,112.0,68.0
2030-03-22,90.0,102.0,64.0
2030-03-23,61.0,87.0,44.0
2030-03-24,24.0,37.0,18.0
2030-03-25,54.0,69.0,47.0
2030-03-26,54.0,49.0,43.0
2030-03-27,76.0,78.0,46.0
2030-03-28,102.0,119.0,76.0
2030-03-29,163.0,150.0,101.0
2030-03-30,75.0,100.0,64.0
2030-03-31,20.0,34.0,18.0
2030-04-01,78.0,94.0,47.0
2030-04-02,77.0,73.0,38.0
2030-04-03,102.0,120.0,72.0
2030-04-04,45.0,41.0,28.0
2030-04-05,136.0,147.0,81.0
2030-04-06,93.0,121.0,86.0
2030-04-07,37.0,50.0,26.0
2030-04-08,65.0,87.0,59.0
2030-04-09,21.0,37.0,19.0
2030-04-10,117.0,128.0,65.0
2030-04-11,135.0,168.0,97.0
2030-04-12,114.0,127.0,80.0
2030-04-13,87.0,124.0,45.0
2030-04-14,34.0,44.0,38.0
2030-04-15,59.0,75.0,52.0
2030-04-16,64.0,75.0,43.0
2030-04-17,84.0,78.0,54.0
2030-04-18,96.0,115.0,77.0
2030-04-19,115.0,162.0,80.0
2030-04-20,78.0,101.0,51.0
2030-04-21,37.0,41.0,28.0
2030-04-22,101.0,120.0,69.0
2030-04-23,95.0,108.0,75.0
2030-04-24,154.0,166.0,99.0
2030-04-25,197.0,219.0,139.0
2030-04-26,132.0,168.0,89.0
2030-04-27,155.0,169.0,103.0
2030-04-28,55.0,58.0,39.0
2030-04-29,158.0,148.0,108.0
2030-04-30,133.0,148.0,88.0
2030-05-01,156.0,158.0,91.0
2030-05-02,143.0,168.0,109.0
2030-05-03,255.0,263.0,184.0
2030-05-04,107.0,140.0,80.0
2030-05-05,42.0,63.0,34.0
2030-05-06,112.0,133.0,103.0
2030-05-07,136.0,151.0,94.0
2030-05-08,133.0,186.0,89.0
2030-05-09,211.0,245.0,151.0
2030-05-10,152.0,183.0,88.0
2030-05-11,159.0,196.0,88.0
2030-05-12,79.0,94.0,53.0
2030-05-13,50.0,79.0,49.0
2030-05-14,112.0,117.0,70.0
2030-05-15,159.0,214.0,108.0
2030-05-16,193.0,253.0,141.0
2030-05-17,175.0,206.0,115.0
2030-05-18,82.0,101.0,57.0
2030-05-19,65.0,86.0,45.0
2030-05-20,136.0,174.0,109.0
2030-05-21,46.0,48.0,35.0
2030-05-22,61.0,73.0,48.0
2030-05-23,85.0,82.0,44.0
2030-05-24,122.0,163.0,96.0
2030-05-25,68.0,89.0,58.0
2030-05-26,26.0,23.0,23.0
2030-05-27,84.0,83.0,56.0
2030-05-28,81.0,80.0,47.0
2030-05-29,68.0,68.0,36.0
2030-05-30,91.0,118.0,62.0
2030-05-31,90.0,117.0,72.0
2030-06-01,53.0,67.0,48.0
2030-06-02,20.0,34.0,24.0
2030-06-03,72.0,71.0,53.0
2030-06-04,65.0,79.0,49.0
2030-06-05,56.0,68.0,39.0
2030-06-06,87.0,104.0,52.0
2030-06-07,99.0,117.0,48.0
2030-06-08,69.0,78.0,50.0
2030-06-09,41.0,49.0,19.0
2030-06-10,72.0,82.0,52.0
2030-06-11,37.0,38.0,18.0
2030-06-12,70.0,70.0,48.0
2030-06-13,108.0,126.0,79.0
2030-06-14,118.0,118.0,68.0
2030-06-15,48.0,74.0,40.0
2030-06-16,46.0,34.0,26.0
2030-06-17,52.0,49.0,30.0
2030-06-18,38.0,81.0,27.0
2030-06-19,45.0,44.0,27.0
2030-06-20,35.0,36.0,18.0
2030-06-21,36.0,57.0,29.0
2030-06-22,51.0,75.0,38.0
2030-06-23,10.0,10.0,6.0
2030-06-24,37.0,53.0,34.0
2030-06-25,30.0,30.0,21.0
2030-06-26,46.0,50.0,34.0
2030-06-27,53.0,61.0,27.0
2030-06-28,85.0,82.0,47.0
2030-06-29,46.0,47.0,26.0
2030-06-30,11.0,13.0,3.0
2030-07-01,40.0,45.0,24.0
2030-07-02,24.0,34.0,17.0
2030-07-03,43.0,51.0,30.0
2030-07-04,55.0,53.0,35.0
2030-07-05,52.0,51.0,38.0
2030-07-06,42.0,50.0,36.0
2030-07-07,24.0,37.0,24.0
2030-07-08,34.0,69.0,35.0
2030-07-09,37.0,45.0,14.0
2030-07-10,46.0,66.0,35.0
2030-07-11,64.0,89.0,42.0
2030-07-12,71.0,86.0,51.0
2030-07-13,57.0,84.0,59.0
2030-07-14,15.0,25.0,10.0
2030-07-15,10.0,24.0,12.0
2030-07-16,118.0,130.0,79.0
2030-07-17,197.0,253.0,128.0
2030-07-18,130.0,145.0,77.0
2030-07-19,257.0,255.0,166.0
2030-07-20,191.0,208.0,145.0
2030-07-21,53.0,56.0,40.0
2030-07-22,168.0,212.0,118.0
2030-07-23,99.0,148.0,73.0
2030-07-24,77.0,97.0,33.0
2030-07-25,211.0,271.0,140.0
2030-07-26,168.0,223.0,141.0
2030-07-27,112.0,139.0,75.0
2030-07-28,60.0,69.0,42.0
2030-07-29,109.0,154.0,71.0
2030-07-30,94.0,102.0,62.0
2030-07-31,175.0,213.0,110.0
2030-08-01,112.0,155.0,79.0
2030-08-02,227.0,234.0,156.0
2030-08-03,216.0,246.0,125.0
2030-08-04,51.0,47.0,20.0
2030-08-05,90.0,120.0,65.0
2030-08-06,140.0,158.0,88.0
2030-08-07,86.0,100.0,49.0
2030-08-08,203.0,238.0,119.0
2030-08-09,248.0,254.0,139.0
2030-08-10,173.0,183.0,119.0
2030-08-11,72.0,69.0,34.0
2030-08-12,161.0,198.0,111.0
2030-08-13,64.0,87.0,50.0
2030-08-14,81.0,103.0,60.0
2030-08-15,93.0,99.0,52.0
2030-08-16,100.0,107.0,68.0
2030-08-17,49.0,35.0,21.0
2030-08-18,35.0,41.0,31.0
2030-08-19,111.0,95.0,75.0
2030-08-20,82.0,85.0,62.0
2030-08-21,91.0,120.0,61.0
2030-08-22,131.0,152.0,94.0
2030-08-23,171.0,198.0,121.0
2030-08-24,110.0,101.0,65.0
2030-08-25,47.0,57.0,32.0
2030-08-26,91.0,122.0,67.0
2030-08-27,107.0,136.0,71.0
2030-08-28,106.0,127.0,57.0
2030-08-29,128.0,130.0,89.0
2030-08-30,79.0,81.0,50.0
2030-08-31,97.0,121.0,65.0
2030-09-01,43.0,59.0,26.0
2030-09-02,83.0,128.0,70.0
2030-09-03,47.0,40.0,35.0
2030-09-04,163.0,211.0,100.0
2030-09-05,129.0,161.0,100.0
2030-09-06,118.0,154.0,86.0
2030-09-07,107.0,130.0,79.0
2030-09-08,64.0,82.0,36.0
2030-09-09,52.0,67.0,32.0
2030-09-10,47.0,62.0,54.0
2030-09-11,54.0,62.0,49.0
2030-09-12,68.0,87.0,68.0
2030-09-13,93.0,126.0,67.0
2030-09-14,65.0,74.0,29.0
2030-09-15,47.0,48.0,17.0
2030-09-16,51.0,61.0,22.0
2030-09-17,44.0,46.0,27.0
2030-09-18,53.0,70.0,34.0
2030-09-19,69.0,72.0,47.0
2030-09-20,96.0,121.0,59.0
2030-09-21,51.0,54.0,40.0
2030-09-22,37.0,46.0,27.0
2030-09-23,56.0,65.0,33.0
2030-09-24,40.0,46.0,20.0
2030-09-25,57.0,58.0,52.0
2030-09-26,79.0,100.0,44.0
2030-09-27,44.0,75.0,57.0
2030-09-28,63.0,69.0,37.0
2030-09-29,18.0,32.0,13.0
2030-09-30,50.0,64.0,37.0
2030-10-01,40.0,45.0,22.0
2030-10-02,80.0,116.0,62.0
2030-10-03,64.0,63.0,46.0
2030-10-04,80.0,95.0,61.0
2030-10-05,66.0,57.0,40.0
2030-10-06,25.0,33.0,8.0
2030-10-07,65.0,70.0,56.0
2030-10-08,97.0,118.0,77.0
2030-10-09,148.0,175.0,93.0
2030-10-10,239.0,271.0,138.0
2030-10-11,129.0,146.0,90.0
2030-10-12,159.0,183.0,109.0
2030-10-13,44.0,48.0,18.0
2030-10-14,122.0,129.0,78.0
2030-10-15,112.0,122.0,78.0
2030-10-16,143.0,199.0,97.0
2030-10-17,154.0,176.0,107.0
2030-10-18,166.0,190.0,120.0
2030-10-19,126.0,124.0,77.0
2030-10-20,60.0,46.0,42.0
2030-10-21,94.0,112.0,69.0
2030-10-22,147.0,158.0,73.0
2030-10-23,72.0,107.0,54.0
2030-10-24,164.0,217.0,140.0
2030-10-25,223.0,273.0,156.0
2030-10-26,150.0,188.0,92.0
2030-10-27,47.0,45.0,41.0
2030-10-28,138.0,165.0,107.0
2030-10-29,96.0,126.0,67.0
2030-10-30,138.0,147.0,82.0
2030-10-31,161.0,208.0,119.0
2030-11-01,172.0,206.0,124.0
2030-11-02,107.0,166.0,107.0
2030-11-03,66.0,73.0,37.0
2030-11-04,61.0,70.0,31.0
2030-11-05,83.0,114.0,59.0
2030-11-06,57.0,61.0,43.0
2030-11-07,170.0,179.0,127.0
2030-11-08,128.0,154.0,89.0
2030-11-09,118.0,151.0,85.0
2030-11-10,31.0,29.0,11.0
2030-11-11,171.0,172.0,111.0
2030-11-12,75.0,120.0,67.0
2030-11-13,161.0,187.0,119.0
2030-11-14,139.0,141.0,80.0
2030-11-15,177.0,229.0,130.0
2030-11-16,206.0,244.0,125.0
2030-11-17,54.0,52.0,37.0
2030-11-18,103.0,112.0,75.0
2030-11-19,103.0,129.0,85.0
2030-11-20,74.0,134.0,72.0
2030-11-21,70.0,86.0,65.0
2030-11-22,111.0,104.0,73.0
2030-11-23,147.0,208.0,133.0
2030-11-24,83.0,109.0,57.0
2030-11-25,161.0,163.0,114.0
2030-11-26,140.0,146.0,84.0
2030-11-27,138.0,142.0,101.0
2030-11-28,231.0,246.0,150.0
2030-11-29,83.0,82.0,48.0
2030-11-30,94.0,109.0,69.0
2030-12-01,38.0,73.0,36.0
2030-12-02,103.0,106.0,99.0
2030-12-03,117.0,155.0,79.0
2030-12-04,233.0,290.0,176.0
2030-12-05,240.0,274.0,137.0
2030-12-06,199.0,229.0,166.0
2030-12-07,155.0,193.0,130.0
2030-12-08,119.0,131.0,88.0
2030-12-09,200.0,245.0,120.0
2030-12-10,157.0,188.0,96.0
2030-12-11,205.0,250.0,153.0
2030-12-12,252.0,283.0,168.0
2030-12-13,228.0,272.0,161.0
2030-12-14,158.0,187.0,130.0
2030-12-15,96.0,101.0,69.0
2030-12-16,198.0,221.0,136.0
2030-12-17,197.0,272.0,136.0
2030-12-18,256.0,269.0,158.0
2030-12-19,264.0,343.0,218.0
2030-12-20,186.0,209.0,122.0
2030-12-21,164.0,156.0,106.0
2030-12-22,89.0,123.0,67.0
2030-12-23,127.0,128.0,106.0
2030-12-24,80.0,91.0,48.0
2030-12-25,229.0,214.0,109.0
2030-12-26,196.0,229.0,131.0
2030-12-27,246.0,292.0,175.0
2030-12-28,169.0,205.0,106.0
2030-12-29,80.0,93.0,53.0
2030-12-30,115.0,153.0,86.0
2030-12-31,92.0,110.0,64.0
